order_id,customer_id,produit_id,quantity,order_date
1,348,291,1,2026-04-04
2,188,211,2,2026-07-22
3,462,373,3,2026-07-05
4,418,317,4,2026-02-17
5,241,112,3,2026-02-01
6,210,53,3,2026-01-30
7,465,35,2,2026-12-09
8,324,67,5,2026-11-19
9,320,359,2,2026-09-24
10,380,378,4,2026-11-10
11,292,231,3,2026-06-18
12,260,374,2,2026-08-26
13,9,273,2,2026-03-11
14,114,166,2,2026-01-31
15,47,339,4,2026-07-16
16,248,87,4,2026-06-03
17,466,383,3,2026-02-18
18,78,193,4,2026-02-28
19,498,292,3,2026-10-22
20,261,384,4,2026-04-12
21,275,328,5,2026-03-15
22,477,51,2,2026-07-08
23,344,47,5,2026-03-09
24,37,180,5,2026-09-25
25,114,420,3,2026-09-04
26,175,79,4,2026-07-23
27,262,448,1,2026-06-24
28,409,400,4,2026-12-18
29,125,191,5,2026-07-30
30,47,236,1,2026-05-19
31,264,458,1,2026-05-28
32,497,5,4,2026-07-23
33,242,104,5,2026-11-21
34,427,79,3,2026-06-09
35,446,278,1,2026-07-04
36,169,48,5,2026-12-11
37,401,47,4,2026-06-15
38,413,182,5,2026-01-25
39,441,439,5,2026-01-04
40,137,241,2,2026-08-26
41,309,207,5,2026-06-22
42,102,453,2,2026-02-03
43,126,462,2,2026-11-20
44,346,278,3,2026-07-26
45,296,344,2,2026-12-23
46,151,168,1,2026-03-27
47,475,119,3,2026-03-25
48,280,8,3,2026-06-07
49,285,22,5,2026-10-11
50,137,208,4,2026-10-05
51,89,130,2,2026-05-17
52,148,169,4,2026-04-10
53,265,74,2,2026-01-29
54,314,220,5,2026-01-29
55,226,184,3,2026-06-26
56,103,493,2,2026-04-18
57,346,239,5,2026-08-28
58,317,328,2,2026-07-20
59,325,143,2,2026-11-06
60,188,153,5,2026-06-01
61,416,318,3,2026-06-16
62,110,361,1,2026-11-27
63,178,247,5,2026-11-01
64,357,75,3,2026-11-20
65,172,80,2,2026-10-25
66,306,107,4,2026-01-02
67,356,408,5,2026-08-31
68,12,230,3,2026-03-28
69,190,222,5,2026-07-01
70,161,190,2,2026-09-07
71,21,2,3,2026-05-06
72,135,97,3,2026-09-21
73,382,361,1,2026-06-20
74,199,488,1,2026-03-31
75,389,384,1,2026-01-14
76,170,245,1,2026-08-03
77,190,252,1,2026-10-06
78,82,170,4,2026-11-18
79,100,35,5,2026-10-23
80,364,104,3,2026-09-03
81,263,415,2,2026-03-18
82,187,118,4,2026-02-14
83,292,173,2,2026-07-22
84,136,111,4,2026-06-25
85,42,93,4,2026-05-12
86,230,396,3,2026-12-08
87,88,474,1,2026-02-26
88,109,330,1,2026-07-26
89,495,476,2,2026-02-11
90,350,96,3,2026-02-09
91,387,262,1,2026-04-01
92,405,351,3,2026-02-10
93,121,452,4,2026-12-11
94,76,19,3,2026-07-02
95,61,279,4,2026-10-05
96,103,77,2,2026-07-15
97,22,343,3,2026-08-25
98,353,377,2,2026-01-10
99,298,10,2,2026-12-03
100,40,212,4,2026-03-02
101,148,453,5,2026-04-24
102,482,161,1,2026-01-11
103,456,483,4,2026-03-10
104,250,123,3,2026-09-17
105,56,20,5,2026-03-16
106,321,425,5,2026-01-20
107,75,76,4,2026-01-08
108,106,297,2,2026-05-21
109,338,176,2,2026-07-02
110,145,368,4,2026-04-26
111,166,471,4,2026-07-09
112,167,237,2,2026-04-04
113,171,439,1,2026-08-03
114,380,109,4,2026-01-15
115,469,55,4,2026-08-08
116,272,200,1,2026-10-01
117,126,20,5,2026-02-04
118,64,24,1,2026-10-22
119,36,293,5,2026-09-17
120,111,310,5,2026-03-06
121,149,132,3,2026-03-12
122,277,250,5,2026-05-29
123,487,485,2,2026-02-04
124,431,266,1,2026-01-09
125,288,480,5,2026-07-23
126,455,256,4,2026-10-01
127,136,444,1,2026-01-20
128,182,163,5,2026-05-17
129,411,199,2,2026-04-21
130,446,278,2,2026-02-08
131,136,109,5,2026-04-11
132,487,16,2,2026-08-02
133,4,486,3,2026-12-20
134,42,141,5,2026-01-07
135,446,65,3,2026-10-07
136,245,117,4,2026-07-19
137,59,465,2,2026-03-16
138,298,461,1,2026-03-19
139,407,483,4,2026-09-03
140,98,97,5,2026-06-12
141,163,175,1,2026-08-12
142,357,79,4,2026-11-05
143,97,186,5,2026-11-11
144,388,131,2,2026-09-30
145,138,109,5,2026-05-02
146,174,10,5,2026-05-31
147,450,43,3,2026-12-10
148,131,29,4,2026-01-11
149,106,326,1,2026-03-09
150,251,126,4,2026-06-02
151,453,190,5,2026-07-11
152,177,47,1,2026-05-23
153,375,25,2,2026-05-22
154,212,291,5,2026-11-15
155,349,5,1,2026-05-17
156,456,41,5,2026-10-03
157,460,223,5,2026-08-29
158,65,318,3,2026-05-08
159,380,315,1,2026-01-10
160,171,113,5,2026-08-22
161,410,12,3,2026-11-29
162,323,375,2,2026-02-04
163,72,126,2,2026-03-03
164,411,329,4,2026-05-30
165,38,50,1,2026-09-03
166,7,102,3,2026-12-06
167,273,255,4,2026-05-07
168,175,114,1,2026-03-11
169,460,362,1,2026-02-19
170,170,125,3,2026-06-02
171,272,406,3,2026-12-27
172,122,272,2,2026-07-22
173,201,353,5,2026-05-07
174,19,98,4,2026-06-13
175,65,173,1,2026-12-29
176,69,83,5,2026-07-28
177,70,99,4,2026-10-02
178,90,296,1,2026-06-12
179,106,3,4,2026-08-13
180,444,303,3,2026-08-27
181,87,15,1,2026-11-04
182,335,468,3,2026-10-18
183,59,209,3,2026-05-03
184,441,419,2,2026-07-09
185,68,66,4,2026-01-13
186,1,11,3,2026-11-09
187,109,110,4,2026-01-07
188,486,149,5,2026-02-26
189,87,328,3,2026-05-03
190,284,108,4,2026-12-09
191,90,262,1,2026-02-26
192,67,194,5,2026-06-01
193,460,499,1,2026-07-01
194,242,288,4,2026-06-18
195,166,379,3,2026-05-14
196,337,239,3,2026-01-31
197,13,229,1,2026-05-07
198,77,69,1,2026-01-02
199,271,146,2,2026-11-28
200,316,276,2,2026-05-01
201,243,37,5,2026-07-18
202,168,207,5,2026-09-07
203,4,346,1,2026-11-26
204,347,295,2,2026-12-27
205,386,248,4,2026-09-01
206,491,85,2,2026-06-09
207,457,332,3,2026-02-08
208,176,249,2,2026-02-15
209,382,340,1,2026-02-04
210,432,23,2,2026-09-08
211,449,369,2,2026-02-05
212,9,96,4,2026-02-27
213,220,254,5,2026-03-30
214,102,341,3,2026-09-07
215,36,304,2,2026-05-23
216,69,235,5,2026-06-19
217,190,406,2,2026-03-17
218,271,367,3,2026-09-17
219,299,149,2,2026-10-26
220,215,410,5,2026-01-15
221,270,443,2,2026-12-12
222,276,290,3,2026-12-29
223,405,188,5,2026-12-28
224,41,423,5,2026-09-29
225,343,153,1,2026-02-11
226,361,433,4,2026-08-01
227,172,456,2,2026-08-22
228,140,479,2,2026-12-07
229,66,66,3,2026-11-05
230,462,361,4,2026-04-09
231,284,369,3,2026-10-02
232,345,219,3,2026-05-14
233,49,274,3,2026-08-09
234,438,117,4,2026-02-06
235,112,186,3,2026-03-23
236,460,71,2,2026-03-29
237,128,472,2,2026-09-18
238,442,59,1,2026-05-15
239,498,423,3,2026-05-29
240,326,237,2,2026-02-10
241,165,11,2,2026-04-07
242,286,374,2,2026-10-01
243,113,117,3,2026-04-21
244,137,371,4,2026-07-16
245,439,488,3,2026-05-30
246,32,329,1,2026-06-04
247,343,293,3,2026-08-24
248,168,71,4,2026-08-20
249,354,392,5,2026-05-08
250,237,424,3,2026-01-11
251,152,157,1,2026-07-23
252,433,27,1,2026-08-22
253,483,352,2,2026-02-09
254,85,276,1,2026-09-08
255,357,26,1,2026-06-11
256,141,134,2,2026-06-28
257,323,69,2,2026-07-20
258,412,85,2,2026-10-04
259,248,157,3,2026-09-13
260,158,455,1,2026-07-22
261,84,39,5,2026-10-27
262,164,433,3,2026-07-14
263,368,449,4,2026-06-07
264,490,457,2,2026-03-06
265,76,96,5,2026-12-20
266,395,34,2,2026-10-13
267,371,341,1,2026-04-27
268,196,286,4,2026-11-26
269,377,153,2,2026-04-07
270,176,336,1,2026-10-03
271,266,73,3,2026-05-24
272,381,141,5,2026-08-12
273,322,330,4,2026-12-18
274,224,30,4,2026-08-21
275,183,275,4,2026-09-10
276,239,217,2,2026-04-03
277,55,72,3,2026-08-10
278,335,90,1,2026-03-08
279,37,233,3,2026-09-27
280,229,290,2,2026-08-17
281,75,65,4,2026-01-22
282,303,122,4,2026-12-04
283,350,248,5,2026-11-20
284,344,241,5,2026-04-07
285,216,183,1,2026-03-27
286,320,353,3,2026-03-08
287,23,59,4,2026-01-12
288,234,138,3,2026-08-27
289,307,6,1,2026-03-10
290,355,125,4,2026-10-12
291,242,208,4,2026-09-24
292,385,283,3,2026-11-07
293,198,20,4,2026-06-05
294,84,15,2,2026-09-03
295,278,243,4,2026-11-08
296,307,203,2,2026-08-04
297,226,347,3,2026-01-03
298,441,101,5,2026-06-15
299,199,306,3,2026-01-17
300,373,392,5,2026-05-11
301,417,59,2,2026-10-28
302,418,291,5,2026-04-27
303,270,276,4,2026-10-05
304,488,180,5,2026-08-19
305,74,409,5,2026-09-25
306,94,381,2,2026-04-16
307,162,104,5,2026-12-08
308,207,88,4,2026-06-25
309,343,225,3,2026-08-23
310,264,36,4,2026-05-08
311,171,145,2,2026-02-19
312,4,299,5,2026-10-19
313,33,89,2,2026-06-25
314,444,16,1,2026-07-07
315,226,391,5,2026-07-05
316,156,178,4,2026-12-08
317,153,421,1,2026-06-06
318,461,125,2,2026-12-23
319,489,212,5,2026-08-01
320,280,296,5,2026-12-03
321,473,9,5,2026-07-21
322,8,329,5,2026-11-04
323,357,205,3,2026-11-29
324,89,67,4,2026-11-24
325,75,46,2,2026-08-12
326,487,371,3,2026-10-28
327,256,91,5,2026-06-25
328,70,261,5,2026-02-22
329,181,454,2,2026-11-29
330,96,298,1,2026-07-12
331,333,331,4,2026-02-26
332,215,26,3,2026-03-04
333,482,437,5,2026-07-03
334,77,160,2,2026-03-04
335,96,211,3,2026-08-10
336,373,81,2,2026-10-08
337,299,498,4,2026-11-30
338,172,116,2,2026-11-09
339,251,72,1,2026-03-24
340,32,259,3,2026-05-01
341,430,319,1,2026-11-23
342,31,146,4,2026-04-29
343,126,184,2,2026-09-20
344,404,479,5,2026-08-17
345,257,273,5,2026-03-07
346,115,305,4,2026-06-10
347,171,264,3,2026-05-10
348,328,328,3,2026-12-20
349,248,87,2,2026-12-23
350,132,317,2,2026-09-30
351,272,244,2,2026-03-16
352,480,263,1,2026-07-01
353,106,62,5,2026-10-01
354,100,95,3,2026-11-03
355,463,298,1,2026-06-12
356,173,175,3,2026-04-16
357,241,79,2,2026-10-02
358,372,75,1,2026-08-20
359,288,384,5,2026-01-06
360,158,299,3,2026-06-12
361,469,148,5,2026-07-31
362,195,382,2,2026-04-09
363,494,411,2,2026-07-03
364,443,3,5,2026-05-26
365,133,298,2,2026-11-06
366,115,289,2,2026-04-05
367,320,390,3,2026-07-18
368,395,199,1,2026-08-24
369,159,115,4,2026-10-01
370,335,14,3,2026-04-01
371,114,324,2,2026-10-21
372,443,147,2,2026-07-05
373,211,92,1,2026-09-04
374,96,331,5,2026-05-06
375,115,250,5,2026-11-08
376,62,88,4,2026-12-08
377,169,63,5,2026-10-12
378,70,405,1,2026-12-09
379,354,180,1,2026-11-11
380,324,176,5,2026-11-28
381,170,460,3,2026-10-12
382,105,363,4,2026-02-02
383,407,365,5,2026-02-17
384,244,494,5,2026-02-12
385,50,256,1,2026-08-25
386,393,143,3,2026-05-29
387,247,203,4,2026-06-04
388,175,163,1,2026-03-17
389,39,464,2,2026-10-29
390,3,5,4,2026-09-02
391,119,399,4,2026-11-18
392,153,81,3,2026-01-13
393,279,277,3,2026-12-16
394,451,350,2,2026-06-26
395,369,202,4,2026-09-29
396,109,11,1,2026-12-07
397,49,489,3,2026-01-21
398,66,244,5,2026-06-22
399,486,416,2,2026-06-06
400,379,237,1,2026-07-06
401,464,75,5,2026-04-27
402,435,440,3,2026-08-02
403,112,98,1,2026-05-08
404,430,226,4,2026-01-30
405,467,434,2,2026-12-22
406,465,94,1,2026-01-05
407,148,197,1,2026-07-22
408,23,444,1,2026-10-04
409,138,39,1,2026-10-24
410,271,127,2,2026-06-19
411,1,227,2,2026-04-08
412,39,337,2,2026-12-17
413,21,342,1,2026-07-13
414,82,320,2,2026-06-24
415,148,298,1,2026-03-17
416,199,92,3,2026-09-25
417,4,103,4,2026-11-13
418,324,112,2,2026-12-05
419,43,332,2,2026-01-21
420,403,79,5,2026-03-27
421,302,353,3,2026-04-05
422,192,486,1,2026-06-09
423,159,98,1,2026-11-16
424,207,116,1,2026-01-18
425,114,233,4,2026-06-13
426,428,196,4,2026-02-13
427,100,154,3,2026-04-27
428,34,112,5,2026-01-16
429,263,444,4,2026-12-18
430,322,5,2,2026-11-16
431,230,428,1,2026-07-05
432,234,467,1,2026-03-18
433,42,355,1,2026-09-13
434,403,145,4,2026-10-09
435,234,266,4,2026-12-18
436,344,19,3,2026-10-23
437,496,166,5,2026-05-18
438,418,436,4,2026-09-02
439,485,287,5,2026-09-19
440,147,152,1,2026-05-09
441,207,183,5,2026-10-16
442,199,185,2,2026-02-12
443,126,487,4,2026-11-23
444,315,380,5,2026-11-22
445,111,374,4,2026-02-11
446,99,350,2,2026-02-06
447,341,267,1,2026-10-04
448,198,258,3,2026-12-10
449,112,378,5,2026-05-17
450,98,358,3,2026-11-01
451,5,378,3,2026-05-01
452,342,398,1,2026-01-04
453,281,474,4,2026-03-02
454,468,247,3,2026-12-05
455,59,141,5,2026-09-26
456,256,176,2,2026-12-27
457,479,458,3,2026-12-01
458,416,148,3,2026-07-28
459,264,255,2,2026-03-10
460,103,267,3,2026-07-05
461,375,9,2,2026-02-10
462,25,123,2,2026-06-30
463,482,138,3,2026-06-25
464,174,44,5,2026-07-07
465,414,63,4,2026-08-18
466,9,417,4,2026-05-30
467,125,256,1,2026-11-25
468,283,241,4,2026-03-28
469,210,190,5,2026-07-13
470,204,17,1,2026-04-06
471,254,97,2,2026-03-23
472,172,435,4,2026-09-27
473,280,116,2,2026-02-24
474,398,77,5,2026-08-14
475,303,200,1,2026-05-08
476,222,83,2,2026-06-01
477,144,403,5,2026-09-16
478,246,349,4,2026-04-17
479,91,364,4,2026-08-20
480,377,330,3,2026-04-09
481,42,301,4,2026-05-26
482,145,218,4,2026-06-03
483,90,473,4,2026-06-15
484,412,438,3,2026-02-15
485,270,353,3,2026-04-04
486,14,159,5,2026-10-04
487,480,152,5,2026-08-04
488,497,3,2,2026-04-11
489,449,98,1,2027-01-01
490,126,416,3,2026-09-08
491,424,443,2,2026-02-18
492,206,60,3,2026-03-24
493,229,438,2,2026-04-22
494,217,396,2,2026-03-19
495,291,352,5,2026-11-08
496,487,460,5,2026-01-20
497,208,484,4,2026-02-22
498,43,439,2,2026-03-16
499,270,13,1,2026-12-04
500,375,288,5,2026-07-07
501,83,398,1,2026-11-13
502,136,171,2,2026-09-23
503,245,285,5,2026-01-09
504,204,304,2,2026-05-13
505,479,403,2,2026-02-20
506,234,14,4,2026-03-17
507,176,117,5,2026-07-19
508,394,361,4,2026-12-28
509,399,269,2,2026-06-23
510,228,274,4,2026-02-20
511,321,376,1,2026-01-22
512,301,342,3,2026-03-27
513,348,161,3,2026-08-08
514,262,304,3,2026-06-29
515,441,139,2,2026-05-21
516,266,303,2,2026-11-16
517,487,267,2,2026-06-02
518,341,219,4,2026-08-06
519,40,273,3,2026-01-08
520,254,351,5,2026-02-16
521,151,239,2,2026-02-22
522,440,276,1,2026-08-23
523,464,398,4,2026-11-16
524,142,372,1,2026-08-09
525,278,58,3,2026-07-29
526,336,380,5,2026-05-06
527,479,365,3,2026-03-22
528,466,199,3,2026-10-21
529,86,73,1,2026-10-06
530,249,74,4,2026-08-22
531,192,77,5,2026-12-18
532,139,123,2,2026-10-30
533,112,248,2,2026-07-08
534,21,289,4,2026-05-22
535,474,202,5,2026-01-29
536,164,445,5,2026-05-31
537,196,359,4,2026-06-16
538,109,206,1,2026-10-29
539,366,440,1,2026-09-08
540,24,81,3,2026-11-13
541,275,467,3,2026-09-12
542,112,294,2,2026-02-23
543,291,417,4,2026-05-01
544,230,271,1,2026-10-01
545,127,465,3,2026-07-24
546,436,21,1,2026-01-06
547,185,16,5,2026-02-13
548,284,113,5,2026-10-15
549,221,259,1,2026-07-01
550,20,290,1,2026-07-23
551,248,333,4,2026-10-21
552,429,331,5,2026-08-02
553,38,58,5,2026-10-06
554,487,250,4,2026-05-17
555,380,217,5,2026-01-02
556,273,123,2,2026-11-15
557,222,97,4,2026-01-25
558,86,60,3,2026-07-14
559,369,338,4,2026-07-26
560,165,189,2,2026-01-07
561,143,445,5,2026-08-03
562,185,176,1,2026-07-06
563,259,171,3,2026-10-11
564,58,163,4,2026-11-08
565,449,482,4,2026-04-25
566,196,424,2,2026-05-26
567,22,230,4,2026-06-06
568,322,440,5,2026-10-15
569,183,347,4,2026-03-07
570,8,9,2,2026-07-12
571,17,59,4,2026-08-11
572,272,26,5,2026-08-11
573,152,166,4,2026-02-23
574,260,487,3,2026-11-28
575,388,102,3,2026-11-07
576,97,349,4,2026-03-20
577,24,447,3,2026-08-30
578,69,280,3,2026-10-13
579,443,282,5,2026-10-30
580,492,407,1,2026-04-08
581,210,73,5,2026-07-04
582,449,330,2,2026-09-27
583,235,482,4,2026-07-21
584,421,449,5,2026-06-22
585,358,262,4,2026-07-28
586,269,307,3,2026-09-11
587,179,246,4,2026-03-08
588,45,152,5,2026-04-05
589,297,388,4,2026-02-10
590,176,315,4,2026-09-08
591,265,271,1,2026-11-27
592,322,381,3,2026-03-10
593,117,334,4,2026-11-11
594,24,496,1,2026-06-24
595,2,457,4,2026-04-28
596,217,450,4,2026-07-23
597,361,326,2,2026-05-21
598,34,198,3,2026-05-21
599,282,482,1,2026-07-10
600,28,354,5,2026-08-26
601,31,60,2,2026-09-30
602,82,20,5,2026-03-26
603,16,335,4,2026-06-28
604,162,221,5,2026-07-14
605,138,449,1,2026-07-26
606,176,287,1,2026-02-19
607,223,402,5,2026-01-23
608,360,97,4,2026-07-25
609,365,136,4,2026-12-25
610,382,172,2,2026-06-15
611,170,326,3,2026-11-14
612,47,31,3,2026-03-22
613,293,301,5,2026-09-16
614,41,204,2,2026-11-06
615,429,286,2,2026-07-21
616,27,353,2,2026-07-22
617,273,272,4,2026-07-16
618,108,226,1,2026-07-15
619,121,142,1,2026-05-07
620,499,127,5,2026-12-25
621,338,298,2,2026-08-28
622,86,458,2,2026-12-20
623,135,209,3,2026-12-27
624,495,436,2,2026-01-28
625,408,119,1,2026-07-20
626,185,288,1,2026-01-15
627,42,413,4,2026-07-12
628,94,231,2,2026-11-21
629,123,287,5,2026-05-02
630,254,187,4,2026-03-27
631,117,176,4,2026-11-04
632,155,230,4,2026-02-04
633,16,421,2,2026-04-30
634,329,483,2,2026-07-20
635,297,65,2,2026-10-07
636,497,217,5,2026-07-20
637,382,464,5,2026-10-15
638,217,485,4,2026-04-18
639,494,360,5,2026-03-23
640,85,188,3,2026-02-22
641,124,237,5,2026-09-26
642,196,13,1,2026-09-14
643,180,180,3,2026-04-17
644,91,319,5,2026-02-04
645,142,114,3,2026-04-08
646,492,179,2,2026-07-21
647,117,185,3,2026-07-30
648,478,37,2,2026-02-25
649,155,210,3,2026-10-06
650,283,441,1,2026-11-03
651,147,469,5,2026-11-12
652,22,219,5,2026-09-01
653,102,58,2,2026-08-04
654,491,399,3,2026-03-23
655,423,338,2,2026-07-29
656,307,443,5,2026-08-14
657,485,264,2,2026-03-11
658,94,129,1,2026-07-20
659,407,69,2,2026-12-11
660,409,109,4,2026-08-23
661,457,221,1,2026-05-21
662,400,27,3,2026-02-03
663,106,265,5,2026-10-12
664,33,393,4,2026-08-17
665,350,404,5,2026-09-28
666,494,177,5,2026-04-29
667,330,245,1,2027-01-01
668,209,320,4,2026-05-25
669,331,82,2,2026-05-02
670,342,322,2,2026-09-02
671,141,319,5,2026-12-07
672,81,199,2,2026-01-21
673,20,116,1,2026-09-18
674,332,477,5,2026-07-17
675,220,5,5,2026-05-10
676,445,438,5,2026-10-25
677,116,494,1,2026-09-24
678,158,290,5,2026-02-12
679,75,494,1,2026-04-26
680,449,476,2,2026-10-28
681,49,394,4,2026-03-19
682,150,220,1,2026-12-07
683,401,277,3,2026-05-04
684,268,158,4,2026-03-24
685,4,469,4,2026-09-15
686,442,21,2,2026-07-21
687,258,230,3,2026-09-10
688,337,363,5,2026-01-20
689,114,492,3,2026-06-25
690,484,312,2,2026-03-12
691,160,499,3,2026-08-29
692,296,363,2,2026-03-09
693,324,373,1,2026-11-26
694,353,320,3,2026-11-27
695,282,264,5,2026-04-14
696,464,241,2,2026-11-07
697,473,329,3,2026-09-28
698,46,126,4,2026-12-20
699,469,306,1,2026-06-23
700,322,495,1,2026-04-04
701,479,6,2,2026-06-07
702,404,310,4,2026-02-23
703,122,20,3,2026-11-24
704,289,494,5,2026-10-12
705,268,126,5,2026-12-22
706,323,206,1,2026-11-26
707,74,132,5,2026-11-05
708,154,159,3,2026-11-09
709,64,153,5,2026-11-18
710,277,112,4,2026-01-10
711,72,109,1,2026-07-09
712,263,157,1,2026-12-14
713,395,53,1,2026-03-05
714,349,179,4,2026-12-29
715,269,275,5,2026-07-25
716,348,312,2,2026-10-11
717,196,465,5,2026-12-23
718,431,324,2,2026-08-08
719,72,229,2,2026-06-07
720,269,390,1,2026-08-19
721,378,274,3,2026-02-28
722,41,379,5,2026-01-31
723,239,365,5,2026-09-04
724,271,172,5,2026-04-02
725,172,333,4,2026-07-26
726,131,404,5,2026-03-13
727,362,142,3,2026-06-14
728,493,370,5,2026-05-15
729,333,109,3,2026-05-24
730,93,389,4,2026-05-30
731,260,232,3,2026-11-17
732,468,180,2,2026-04-07
733,228,100,4,2026-08-17
734,363,44,1,2026-12-18
735,44,476,4,2026-03-10
736,11,490,4,2026-03-05
737,393,183,3,2026-02-23
738,274,32,3,2026-01-17
739,359,252,5,2026-01-28
740,196,213,2,2026-05-20
741,323,480,5,2026-12-15
742,297,330,5,2026-03-25
743,51,345,3,2026-02-15
744,85,232,3,2026-12-15
745,374,446,5,2026-02-25
746,76,393,3,2026-11-12
747,241,405,5,2026-07-10
748,61,66,5,2026-11-13
749,211,73,1,2026-12-03
750,8,288,4,2026-01-28
751,133,117,5,2026-07-27
752,397,353,2,2026-02-16
753,7,277,1,2026-05-14
754,48,303,1,2026-07-23
755,68,462,4,2026-08-21
756,45,247,2,2026-10-03
757,294,452,1,2026-05-08
758,328,387,1,2026-12-19
759,340,194,5,2026-07-13
760,313,407,5,2026-04-11
761,334,165,3,2026-02-01
762,432,345,5,2026-06-22
763,417,252,4,2026-07-28
764,118,405,3,2026-10-05
765,17,358,5,2026-11-05
766,29,91,2,2026-01-22
767,67,468,1,2026-02-23
768,457,66,5,2026-01-10
769,403,490,1,2026-07-23
770,9,15,1,2026-05-14
771,254,415,4,2026-05-03
772,313,471,5,2026-06-07
773,47,256,1,2026-06-14
774,477,161,2,2026-11-18
775,104,425,4,2026-04-02
776,170,399,5,2026-10-13
777,103,483,3,2026-07-30
778,172,141,5,2026-03-10
779,301,387,3,2026-07-14
780,378,180,4,2026-03-02
781,468,76,4,2026-08-25
782,89,232,3,2026-05-20
783,210,301,1,2026-07-22
784,494,250,1,2026-04-09
785,76,212,2,2026-05-21
786,475,405,2,2026-06-02
787,393,224,2,2026-05-09
788,353,434,4,2026-12-23
789,202,412,5,2026-08-26
790,244,42,5,2026-04-26
791,29,196,1,2026-03-23
792,326,18,2,2026-05-15
793,463,338,2,2026-06-18
794,463,495,2,2026-11-27
795,111,449,2,2026-08-08
796,369,409,4,2026-04-21
797,47,186,4,2026-03-15
798,186,25,5,2026-01-16
799,99,400,3,2026-11-03
800,118,116,5,2026-07-26
801,104,42,4,2026-05-24
802,26,97,5,2026-12-02
803,471,205,1,2026-11-05
804,149,9,3,2026-10-29
805,496,164,2,2026-10-26
806,464,25,2,2026-10-10
807,17,277,5,2026-03-16
808,444,359,1,2026-07-20
809,150,349,5,2026-05-16
810,411,36,2,2026-01-10
811,202,130,4,2026-03-15
812,152,300,1,2026-05-25
813,393,148,1,2026-12-11
814,461,444,4,2026-11-04
815,123,37,2,2026-08-18
816,313,161,4,2026-01-29
817,87,323,3,2026-06-14
818,59,26,4,2026-11-13
819,348,247,1,2026-08-02
820,168,305,4,2026-01-18
821,467,420,1,2026-10-31
822,107,442,4,2026-01-01
823,282,246,1,2026-11-20
824,63,313,1,2026-02-26
825,298,302,4,2026-02-26
826,135,5,2,2026-08-21
827,22,52,3,2026-03-02
828,310,396,5,2026-12-21
829,444,286,4,2026-09-08
830,326,331,2,2026-12-02
831,24,207,5,2026-11-22
832,341,76,2,2026-12-05
833,398,371,2,2026-03-28
834,467,236,5,2026-08-07
835,250,353,4,2026-09-08
836,291,164,1,2026-04-12
837,136,442,2,2026-07-13
838,132,431,3,2026-04-27
839,384,398,1,2026-07-27
840,57,185,2,2026-04-08
841,487,483,5,2026-12-08
842,109,146,1,2026-01-12
843,3,333,4,2026-10-24
844,366,178,1,2026-05-27
845,274,293,1,2026-10-02
846,210,399,3,2026-05-11
847,287,285,4,2026-09-16
848,420,212,1,2026-04-28
849,420,477,3,2026-11-07
850,131,255,2,2026-12-21
851,156,14,3,2026-01-09
852,85,13,5,2026-09-19
853,313,90,3,2026-01-15
854,37,291,1,2026-06-09
855,456,29,1,2026-12-10
856,286,487,1,2026-06-14
857,151,189,2,2026-12-04
858,20,164,3,2026-01-01
859,359,208,5,2026-05-01
860,196,349,2,2026-05-01
861,275,43,5,2026-02-20
862,490,21,1,2026-02-14
863,204,84,3,2026-06-25
864,413,85,3,2026-08-20
865,106,445,3,2026-06-01
866,223,433,5,2026-05-24
867,214,259,2,2026-06-22
868,356,291,2,2026-05-12
869,186,216,5,2026-01-25
870,229,478,5,2026-03-08
871,7,303,3,2026-05-26
872,380,75,5,2026-01-25
873,98,375,4,2026-10-10
874,309,208,5,2026-11-08
875,385,281,3,2026-09-20
876,66,339,3,2026-07-27
877,383,482,5,2026-04-27
878,158,348,5,2026-07-21
879,480,84,2,2026-06-07
880,498,188,4,2026-04-08
881,429,88,3,2026-05-22
882,128,125,5,2026-07-31
883,71,252,4,2026-08-22
884,383,146,5,2026-09-21
885,28,264,5,2026-09-10
886,116,303,1,2026-12-28
887,448,265,4,2026-10-20
888,80,49,1,2026-05-18
889,377,53,5,2026-07-22
890,204,498,4,2026-02-20
891,2,5,1,2026-08-17
892,334,350,3,2026-11-21
893,360,189,2,2026-08-18
894,141,272,4,2026-12-03
895,340,496,4,2026-01-13
896,409,452,2,2026-03-17
897,91,106,1,2026-10-19
898,415,385,2,2026-01-13
899,350,415,2,2026-03-16
900,343,6,1,2026-07-10
901,103,243,5,2026-04-01
902,45,1,1,2026-02-19
903,425,379,2,2026-04-23
904,301,213,4,2026-09-05
905,211,208,3,2026-07-05
906,265,343,3,2026-03-24
907,157,283,2,2026-05-15
908,437,171,5,2026-06-03
909,272,234,5,2026-10-16
910,68,367,2,2026-12-29
911,297,316,3,2026-02-24
912,471,431,4,2026-05-03
913,478,108,5,2026-01-01
914,242,20,5,2026-08-10
915,27,285,2,2026-02-16
916,147,353,4,2026-01-05
917,213,456,3,2026-04-08
918,207,168,1,2026-04-25
919,394,61,5,2026-05-02
920,205,343,3,2026-03-16
921,221,443,4,2026-07-17
922,358,121,4,2026-07-09
923,451,324,2,2026-09-03
924,137,68,4,2026-08-06
925,190,446,3,2026-10-22
926,241,137,1,2026-12-24
927,401,213,1,2026-04-22
928,52,18,4,2026-04-19
929,57,295,1,2026-03-23
930,385,160,3,2026-07-18
931,57,20,5,2026-10-05
932,147,278,3,2026-09-09
933,240,394,1,2026-05-04
934,97,362,5,2026-06-03
935,134,46,4,2026-10-05
936,167,106,5,2026-12-30
937,111,150,5,2026-12-05
938,74,434,3,2026-10-23
939,300,255,4,2026-10-09
940,95,403,3,2026-04-28
941,199,59,3,2026-08-13
942,400,86,5,2026-12-18
943,379,468,3,2026-09-24
944,311,95,5,2026-12-13
945,447,131,1,2026-07-05
946,99,388,3,2026-11-17
947,248,484,3,2026-01-24
948,359,284,5,2026-08-15
949,282,211,1,2026-07-22
950,40,322,5,2026-03-18
951,243,360,2,2026-11-03
952,19,82,1,2026-11-03
953,274,312,2,2026-02-25
954,387,437,5,2026-08-16
955,180,306,5,2026-04-01
956,445,160,1,2026-12-08
957,339,148,3,2026-01-12
958,43,404,2,2026-06-28
959,206,95,4,2026-07-20
960,422,48,1,2026-03-14
961,230,146,1,2026-10-27
962,422,288,3,2026-05-04
963,485,382,1,2026-01-17
964,312,163,1,2026-03-06
965,419,53,3,2026-05-15
966,230,383,2,2026-12-05
967,209,54,2,2026-09-13
968,463,186,4,2026-03-21
969,115,338,2,2026-01-01
970,483,90,5,2026-10-31
971,392,171,5,2026-10-20
972,3,27,2,2026-08-28
973,123,299,5,2026-09-01
974,356,21,2,2026-07-08
975,350,496,5,2026-08-03
976,305,431,2,2026-12-05
977,342,332,4,2026-03-28
978,276,317,1,2026-10-14
979,432,320,3,2026-08-22
980,13,139,5,2026-12-13
981,5,146,2,2026-12-03
982,215,315,4,2026-10-17
983,30,155,5,2026-08-21
984,363,48,5,2026-08-22
985,269,210,4,2026-12-26
986,320,323,3,2026-06-17
987,121,391,3,2026-01-02
988,290,392,1,2026-09-15
989,64,127,3,2026-04-21
990,24,19,2,2026-09-18
991,322,358,4,2026-09-30
992,407,196,4,2026-01-22
993,78,151,5,2026-01-04
994,222,276,1,2026-06-21
995,32,127,3,2026-01-18
996,334,462,2,2026-02-07
997,447,117,3,2026-02-18
998,281,323,3,2026-05-17
999,358,94,2,2026-08-12
1000,145,478,2,2026-10-28
1001,279,296,5,2026-01-25
1002,498,159,4,2026-04-28
1003,53,271,4,2026-11-03
1004,345,436,1,2026-09-02
1005,475,58,5,2026-01-06
1006,419,172,1,2026-01-14
1007,208,169,3,2026-04-27
1008,26,209,2,2026-10-25
1009,138,344,2,2026-07-20
1010,5,32,2,2026-03-30
1011,174,391,5,2026-05-28
1012,366,183,2,2026-03-27
1013,490,375,2,2026-09-23
1014,179,226,2,2026-12-26
1015,415,53,3,2026-09-15
1016,215,458,3,2026-11-13
1017,432,367,4,2026-01-23
1018,476,245,5,2026-01-17
1019,60,254,5,2026-10-04
1020,203,159,2,2026-03-09
1021,297,383,2,2026-03-29
1022,343,446,1,2026-06-28
1023,359,254,5,2026-09-04
1024,157,187,2,2026-12-25
1025,305,233,2,2026-03-22
1026,486,360,3,2026-03-21
1027,147,412,1,2026-11-17
1028,56,162,3,2026-05-03
1029,61,490,4,2026-03-24
1030,46,422,5,2026-03-13
1031,202,8,3,2026-07-23
1032,270,151,4,2026-12-17
1033,220,361,2,2026-07-01
1034,298,361,3,2026-02-20
1035,237,433,1,2026-01-01
1036,110,96,5,2026-10-10
1037,322,475,3,2026-02-05
1038,237,400,4,2026-06-15
1039,370,422,2,2026-02-14
1040,243,137,3,2026-07-06
1041,280,409,1,2026-01-22
1042,158,348,4,2026-02-04
1043,83,494,2,2026-01-20
1044,264,119,5,2026-09-11
1045,246,455,4,2026-12-28
1046,283,459,1,2026-12-23
1047,355,268,3,2026-06-11
1048,265,429,4,2026-06-04
1049,41,96,2,2026-09-20
1050,484,324,3,2026-01-05
1051,275,190,5,2026-07-12
1052,298,351,4,2026-03-10
1053,384,402,1,2026-04-17
1054,353,454,3,2026-11-09
1055,45,56,5,2026-10-31
1056,128,24,4,2026-01-23
1057,287,32,3,2026-05-14
1058,424,217,4,2026-10-07
1059,260,458,4,2026-11-12
1060,149,457,1,2026-06-14
1061,417,131,4,2026-06-18
1062,301,122,3,2026-12-04
1063,107,123,3,2026-02-15
1064,73,288,1,2026-12-26
1065,79,322,4,2026-07-09
1066,336,425,1,2026-08-20
1067,173,290,5,2026-12-16
1068,185,289,1,2026-07-25
1069,305,208,1,2026-02-19
1070,429,162,2,2026-11-14
1071,143,472,2,2026-06-24
1072,316,115,2,2026-12-26
1073,399,397,1,2026-04-02
1074,200,285,1,2026-01-15
1075,434,108,3,2026-01-24
1076,344,241,4,2026-12-11
1077,426,114,4,2026-07-04
1078,9,26,1,2026-06-17
1079,120,58,4,2026-04-11
1080,9,437,2,2026-11-19
1081,295,356,1,2026-01-09
1082,338,164,4,2026-09-05
1083,69,397,5,2026-02-09
1084,51,16,1,2026-07-18
1085,37,162,5,2026-11-14
1086,351,434,4,2026-12-27
1087,461,153,5,2026-02-15
1088,398,393,4,2026-08-09
1089,108,98,4,2026-02-01
1090,286,301,3,2026-05-21
1091,405,297,1,2026-10-16
1092,123,329,4,2026-04-25
1093,485,18,2,2026-11-01
1094,247,183,4,2026-03-06
1095,94,29,2,2026-09-03
1096,317,437,4,2026-12-02
1097,59,356,1,2026-08-10
1098,300,296,2,2026-11-18
1099,395,86,1,2026-10-02
1100,155,353,3,2026-01-17
1101,169,248,3,2027-01-01
1102,9,150,2,2026-01-08
1103,110,164,1,2026-05-23
1104,76,176,4,2026-04-20
1105,217,465,1,2026-12-06
1106,6,16,5,2026-02-24
1107,79,423,2,2026-05-16
1108,29,420,3,2026-11-09
1109,69,467,1,2026-08-24
1110,411,237,4,2026-09-24
1111,241,24,2,2026-08-06
1112,418,42,3,2026-06-06
1113,278,88,4,2026-05-23
1114,462,397,4,2026-12-06
1115,292,204,4,2026-09-09
1116,456,8,5,2026-09-23
1117,102,127,1,2026-04-17
1118,493,101,4,2026-02-02
1119,48,366,4,2026-05-03
1120,369,141,5,2026-12-24
1121,423,95,2,2026-10-02
1122,110,309,3,2026-01-05
1123,374,455,5,2026-06-20
1124,200,117,3,2026-04-04
1125,387,266,2,2027-01-01
1126,488,243,4,2026-09-08
1127,107,147,3,2026-12-03
1128,50,180,4,2026-05-03
1129,426,242,3,2026-05-05
1130,245,83,2,2026-11-29
1131,136,281,2,2026-06-02
1132,410,213,4,2026-12-01
1133,270,130,4,2026-07-09
1134,36,384,4,2026-11-04
1135,488,471,5,2026-12-02
1136,343,150,3,2026-02-14
1137,119,354,3,2026-01-05
1138,263,340,3,2026-03-15
1139,434,34,5,2026-11-04
1140,99,230,4,2026-12-15
1141,258,156,4,2026-06-26
1142,164,397,2,2026-09-18
1143,313,409,4,2026-05-24
1144,357,100,4,2026-02-08
1145,389,261,3,2026-04-17
1146,205,448,5,2026-02-10
1147,204,260,4,2026-04-06
1148,424,382,1,2026-03-28
1149,485,410,1,2026-12-02
1150,240,190,5,2026-03-11
1151,339,167,1,2026-06-24
1152,352,111,3,2026-03-22
1153,334,79,5,2026-10-03
1154,250,376,4,2026-02-17
1155,341,184,3,2026-05-26
1156,124,385,2,2026-07-09
1157,358,409,1,2026-04-05
1158,219,440,1,2026-05-17
1159,284,482,5,2026-07-26
1160,312,181,5,2026-12-31
1161,226,454,3,2026-07-09
1162,422,356,2,2026-06-24
1163,45,304,5,2026-01-17
1164,437,456,5,2026-04-20
1165,281,491,4,2026-07-20
1166,445,66,2,2026-10-31
1167,33,499,5,2026-03-30
1168,381,378,3,2026-03-10
1169,287,100,4,2026-09-10
1170,346,134,5,2026-10-14
1171,139,500,2,2026-07-31
1172,428,313,1,2026-03-08
1173,337,122,5,2026-06-24
1174,140,29,4,2026-12-30
1175,333,173,1,2026-07-03
1176,167,368,3,2026-12-10
1177,357,52,4,2026-01-11
1178,487,433,3,2026-05-17
1179,348,318,2,2026-04-28
1180,328,208,1,2026-12-22
1181,376,362,2,2026-05-27
1182,27,417,4,2026-07-13
1183,281,315,3,2026-05-09
1184,414,159,2,2026-05-03
1185,46,477,2,2026-04-05
1186,422,395,2,2026-11-01
1187,467,182,5,2026-01-29
1188,379,264,1,2026-11-22
1189,271,98,1,2026-05-05
1190,133,206,1,2026-06-18
1191,38,38,2,2026-12-09
1192,89,292,4,2026-08-27
1193,410,377,4,2027-01-01
1194,46,67,5,2026-05-23
1195,327,128,4,2026-10-15
1196,83,467,3,2026-10-07
1197,217,321,5,2026-03-08
1198,95,377,2,2026-04-17
1199,433,50,3,2026-05-28
1200,356,406,1,2026-05-28
1201,187,99,3,2026-11-15
1202,371,341,3,2026-05-12
1203,403,187,2,2026-02-17
1204,204,278,1,2026-09-08
1205,175,135,2,2026-06-19
1206,372,288,5,2026-05-22
1207,469,408,4,2026-08-17
1208,45,185,3,2026-04-29
1209,158,421,4,2026-03-19
1210,336,4,2,2026-11-16
1211,185,253,5,2027-01-01
1212,265,112,1,2026-03-10
1213,461,62,4,2026-11-02
1214,50,135,4,2026-03-15
1215,217,232,1,2026-12-05
1216,473,417,2,2026-02-08
1217,427,374,5,2026-02-23
1218,82,63,3,2026-01-18
1219,220,91,1,2026-10-22
1220,117,251,4,2026-05-26
1221,262,293,4,2026-09-11
1222,468,76,4,2026-07-18
1223,479,40,2,2026-06-02
1224,42,267,3,2026-07-14
1225,4,397,3,2026-10-16
1226,372,482,2,2026-10-10
1227,236,85,3,2026-06-29
1228,78,131,1,2026-08-04
1229,480,432,3,2026-02-04
1230,390,367,5,2026-07-07
1231,171,291,3,2026-05-09
1232,126,55,2,2026-09-08
1233,190,402,3,2026-04-13
1234,130,133,3,2026-03-17
1235,127,129,5,2026-01-21
1236,430,456,3,2026-08-23
1237,420,123,1,2026-05-24
1238,496,221,4,2026-03-12
1239,259,157,5,2026-03-29
1240,255,381,4,2026-04-08
1241,6,347,2,2026-02-08
1242,430,461,2,2026-09-19
1243,386,305,3,2026-07-30
1244,356,234,4,2026-10-07
1245,437,144,1,2026-06-07
1246,285,213,1,2026-09-05
1247,396,311,1,2026-08-13
1248,124,156,3,2026-12-14
1249,224,157,2,2026-07-27
1250,40,419,2,2026-06-03
1251,321,417,3,2026-09-26
1252,79,43,3,2026-06-10
1253,70,421,3,2026-11-19
1254,304,429,1,2026-03-11
1255,486,67,2,2026-07-19
1256,21,137,2,2026-02-05
1257,70,392,3,2026-07-03
1258,197,318,4,2026-02-26
1259,278,168,3,2026-03-08
1260,215,289,2,2026-02-10
1261,83,11,2,2026-03-25
1262,293,285,5,2026-01-07
1263,408,93,2,2026-09-14
1264,237,204,5,2026-11-07
1265,142,487,4,2026-06-12
1266,397,336,4,2026-10-08
1267,329,162,1,2026-02-18
1268,183,190,5,2026-02-19
1269,313,208,3,2026-03-06
1270,159,219,2,2026-06-16
1271,28,168,1,2026-10-22
1272,416,323,2,2026-01-17
1273,118,43,4,2026-07-25
1274,146,406,1,2026-10-18
1275,286,131,4,2026-09-18
1276,485,368,2,2026-05-05
1277,173,6,1,2026-08-08
1278,43,41,1,2026-05-06
1279,361,451,2,2026-02-03
1280,470,328,2,2026-11-03
1281,179,221,1,2026-09-27
1282,182,380,5,2026-10-06
1283,497,85,3,2026-12-04
1284,445,160,1,2026-04-09
1285,122,34,1,2026-10-31
1286,174,303,3,2026-04-05
1287,397,377,5,2026-07-27
1288,234,488,4,2026-12-14
1289,139,252,1,2026-01-17
1290,348,431,1,2026-01-29
1291,106,263,1,2026-12-19
1292,444,478,2,2026-07-30
1293,43,284,5,2026-02-17
1294,481,155,4,2026-10-02
1295,139,260,5,2026-02-17
1296,169,125,4,2026-11-23
1297,268,411,2,2026-02-03
1298,448,333,5,2026-10-02
1299,291,451,3,2026-12-12
1300,379,469,5,2026-10-27
1301,296,258,3,2026-10-03
1302,287,84,5,2026-04-21
1303,198,323,3,2026-10-29
1304,1,389,3,2026-08-14
1305,261,197,4,2026-09-30
1306,202,332,5,2026-06-06
1307,323,416,3,2026-01-08
1308,422,143,4,2026-02-16
1309,150,12,5,2026-03-03
1310,334,92,1,2026-12-09
1311,48,53,2,2026-04-23
1312,391,469,2,2026-04-21
1313,195,79,5,2026-06-30
1314,235,303,2,2026-09-21
1315,3,280,3,2026-08-30
1316,442,125,5,2026-09-30
1317,214,177,1,2026-05-27
1318,112,357,5,2026-07-18
1319,212,28,5,2026-04-13
1320,400,408,2,2026-08-31
1321,324,74,2,2026-10-23
1322,496,23,1,2026-07-09
1323,396,176,1,2026-12-15
1324,61,280,3,2026-05-22
1325,313,144,5,2026-04-05
1326,386,214,2,2026-06-19
1327,65,289,4,2026-08-10
1328,307,250,1,2026-10-22
1329,468,166,4,2026-08-09
1330,461,176,4,2026-10-03
1331,405,116,3,2026-09-15
1332,235,281,2,2026-03-25
1333,175,407,4,2026-12-08
1334,376,163,5,2026-11-08
1335,343,201,2,2026-05-14
1336,439,77,5,2026-10-19
1337,474,2,1,2026-06-24
1338,385,405,4,2026-02-19
1339,229,8,5,2026-01-28
1340,312,25,1,2026-02-28
1341,430,44,3,2026-11-03
1342,412,484,2,2026-07-13
1343,118,406,4,2026-04-28
1344,272,268,4,2026-09-12
1345,135,257,3,2026-09-13
1346,280,73,4,2026-09-25
1347,378,119,5,2026-03-01
1348,20,314,5,2026-12-04
1349,331,443,4,2026-12-05
1350,123,117,5,2026-09-04
1351,124,104,5,2026-03-02
1352,479,242,4,2026-10-15
1353,483,238,2,2026-11-21
1354,175,266,4,2026-10-07
1355,417,477,1,2026-12-31
1356,482,16,5,2026-03-22
1357,98,99,3,2026-05-25
1358,318,93,1,2026-05-08
1359,111,392,2,2026-04-08
1360,467,369,2,2026-03-03
1361,48,414,3,2026-02-10
1362,305,332,4,2026-09-30
1363,131,276,5,2026-12-11
1364,158,2,2,2026-12-01
1365,42,350,1,2026-07-30
1366,18,256,3,2026-02-03
1367,119,67,2,2026-12-11
1368,382,16,4,2026-05-25
1369,59,186,2,2026-11-22
1370,80,271,2,2026-03-08
1371,216,338,1,2026-11-11
1372,442,369,2,2026-08-09
1373,380,256,1,2026-12-15
1374,498,438,5,2026-03-09
1375,336,66,1,2026-03-23
1376,63,212,3,2026-04-01
1377,40,2,5,2026-09-29
1378,391,259,4,2026-01-21
1379,405,473,3,2026-10-03
1380,313,37,3,2026-03-19
1381,297,196,5,2026-10-05
1382,11,398,4,2026-10-02
1383,357,378,3,2026-06-01
1384,33,204,4,2026-10-06
1385,241,318,1,2026-09-23
1386,193,79,4,2026-01-02
1387,375,216,4,2026-09-04
1388,180,316,1,2026-05-07
1389,60,439,1,2026-07-01
1390,7,260,5,2026-11-07
1391,447,323,4,2026-04-24
1392,407,351,2,2026-05-14
1393,76,212,1,2026-09-05
1394,55,316,2,2026-02-07
1395,448,447,1,2026-11-04
1396,171,120,3,2026-10-14
1397,486,131,2,2026-08-10
1398,422,365,3,2026-04-30
1399,256,470,5,2026-10-10
1400,271,278,1,2026-01-17
1401,207,447,3,2026-08-02
1402,402,194,4,2026-04-20
1403,175,47,5,2026-01-31
1404,184,184,4,2026-03-02
1405,214,31,2,2026-03-11
1406,474,324,5,2026-09-09
1407,341,341,4,2026-04-26
1408,150,1,5,2026-12-20
1409,366,222,3,2026-03-04
1410,388,158,4,2026-05-31
1411,35,395,2,2026-03-20
1412,308,500,5,2026-04-07
1413,6,357,1,2026-05-26
1414,442,64,2,2026-05-05
1415,76,184,2,2026-03-20
1416,103,382,3,2026-11-02
1417,58,2,4,2026-01-30
1418,93,187,2,2026-03-14
1419,496,80,2,2026-02-03
1420,39,190,4,2026-03-27
1421,114,104,2,2026-02-20
1422,125,358,2,2026-10-29
1423,424,340,3,2026-04-17
1424,396,475,2,2026-03-04
1425,51,122,2,2026-05-14
1426,38,193,5,2026-07-13
1427,258,188,5,2026-06-03
1428,19,243,3,2026-01-03
1429,79,339,2,2026-08-13
1430,15,15,2,2026-03-13
1431,246,424,4,2026-03-29
1432,315,460,5,2026-06-14
1433,145,39,4,2026-11-21
1434,103,392,3,2026-06-15
1435,425,378,2,2026-02-17
1436,324,176,4,2026-02-13
1437,439,322,5,2026-09-16
1438,372,302,1,2026-01-19
1439,330,241,1,2026-08-10
1440,60,377,3,2026-12-23
1441,331,449,3,2026-11-26
1442,37,113,5,2026-03-31
1443,95,424,4,2026-02-07
1444,6,50,5,2026-12-27
1445,189,261,4,2026-02-09
1446,44,21,3,2026-06-04
1447,270,465,2,2026-03-04
1448,350,406,1,2026-02-16
1449,316,160,4,2026-08-10
1450,329,306,3,2026-12-13
1451,145,51,5,2026-02-08
1452,342,415,1,2026-01-14
1453,489,186,5,2026-11-15
1454,82,481,5,2026-09-23
1455,144,61,2,2026-10-19
1456,252,308,2,2026-11-24
1457,275,309,4,2026-01-29
1458,357,343,1,2026-01-07
1459,442,156,1,2026-11-06
1460,93,187,4,2026-04-28
1461,430,298,2,2026-05-21
1462,383,462,4,2026-07-07
1463,144,84,2,2026-04-24
1464,449,242,1,2026-05-23
1465,158,368,3,2026-10-30
1466,252,212,4,2026-10-04
1467,416,154,1,2026-04-07
1468,71,82,1,2026-10-17
1469,89,4,1,2026-05-07
1470,14,308,2,2026-01-27
1471,205,134,4,2026-11-28
1472,12,187,1,2026-10-27
1473,434,488,2,2026-08-04
1474,407,185,5,2026-09-23
1475,217,454,1,2026-03-06
1476,187,40,2,2026-04-04
1477,1,325,5,2026-10-02
1478,415,275,1,2026-10-03
1479,176,246,3,2026-09-12
1480,277,46,3,2026-12-15
1481,286,50,5,2026-05-21
1482,446,469,2,2026-01-19
1483,37,88,2,2026-09-06
1484,324,350,3,2026-07-11
1485,118,320,3,2026-05-17
1486,262,274,3,2026-08-26
1487,408,371,2,2026-04-08
1488,49,36,3,2026-11-19
1489,440,494,3,2026-10-21
1490,298,451,3,2026-12-22
1491,496,346,2,2026-09-11
1492,57,186,3,2026-03-26
1493,113,194,1,2026-04-27
1494,341,345,3,2026-11-21
1495,402,188,3,2026-05-20
1496,90,298,2,2026-02-17
1497,88,239,3,2026-09-12
1498,182,399,3,2026-07-21
1499,490,201,3,2026-01-30
1500,120,36,2,2026-06-16
1501,187,155,4,2026-01-03
1502,41,484,2,2026-07-21
1503,417,272,3,2026-02-13
1504,434,387,4,2026-08-04
1505,395,144,5,2026-01-27
1506,387,360,5,2026-08-06
1507,67,471,2,2026-08-08
1508,175,347,1,2026-06-20
1509,236,52,3,2026-08-17
1510,181,49,1,2026-05-24
1511,283,123,5,2026-07-20
1512,425,317,2,2026-07-28
1513,28,330,3,2026-05-16
1514,137,76,2,2026-04-20
1515,263,290,4,2026-07-07
1516,405,333,4,2026-07-15
1517,349,64,5,2026-05-18
1518,367,369,1,2026-08-04
1519,408,102,5,2026-11-15
1520,102,159,3,2026-11-03
1521,396,390,2,2026-05-05
1522,3,429,4,2026-01-10
1523,435,343,1,2026-05-16
1524,217,486,3,2026-11-14
1525,277,425,4,2026-02-12
1526,332,205,4,2026-08-20
1527,13,394,3,2026-08-21
1528,343,72,4,2026-05-13
1529,154,331,4,2026-07-11
1530,7,25,5,2026-03-03
1531,458,336,3,2026-08-18
1532,173,80,3,2026-03-07
1533,162,340,2,2026-09-23
1534,67,462,4,2026-07-21
1535,345,144,2,2026-03-13
1536,492,169,2,2026-03-23
1537,408,86,4,2026-02-11
1538,33,487,5,2026-10-17
1539,119,197,3,2026-06-08
1540,221,193,4,2026-08-22
1541,467,146,1,2026-07-21
1542,374,422,2,2026-03-11
1543,472,290,5,2026-11-21
1544,464,152,3,2026-02-23
1545,155,337,2,2026-01-20
1546,125,135,5,2026-04-15
1547,254,13,5,2026-11-08
1548,179,201,3,2026-01-08
1549,411,169,2,2026-08-05
1550,239,66,1,2026-10-30
1551,342,396,5,2026-10-05
1552,303,300,2,2026-06-24
1553,155,441,3,2026-09-29
1554,192,392,3,2026-10-30
1555,95,290,5,2026-07-04
1556,68,252,2,2026-05-29
1557,39,454,1,2026-02-10
1558,392,166,2,2026-02-17
1559,404,103,2,2026-08-01
1560,374,140,3,2026-01-28
1561,454,202,3,2026-07-24
1562,401,166,4,2026-04-15
1563,130,288,1,2026-09-16
1564,372,290,5,2026-08-18
1565,87,417,4,2026-01-02
1566,295,198,3,2026-11-23
1567,232,477,2,2026-06-06
1568,84,271,5,2026-11-19
1569,119,418,3,2026-05-10
1570,189,469,1,2026-03-15
1571,318,168,3,2026-07-18
1572,283,491,3,2026-07-01
1573,242,210,3,2026-06-21
1574,342,181,2,2026-02-07
1575,310,394,1,2026-06-17
1576,189,264,4,2026-05-09
1577,18,289,4,2026-12-15
1578,410,479,3,2026-04-03
1579,335,170,5,2026-05-08
1580,448,202,2,2026-10-17
1581,40,55,1,2026-02-27
1582,396,376,5,2026-02-14
1583,444,468,2,2026-01-10
1584,358,36,1,2026-12-04
1585,57,187,4,2026-02-23
1586,181,474,1,2026-10-19
1587,454,493,5,2026-04-13
1588,137,24,2,2026-08-12
1589,394,357,2,2026-07-06
1590,435,458,5,2026-06-19
1591,337,63,1,2026-04-21
1592,222,237,4,2026-02-10
1593,180,362,5,2026-05-21
1594,219,422,1,2026-04-23
1595,430,350,3,2026-05-31
1596,410,478,5,2026-09-24
1597,332,391,1,2026-04-13
1598,363,10,1,2026-10-07
1599,158,278,4,2026-02-10
1600,180,28,5,2026-06-02
1601,405,66,5,2026-01-22
1602,298,98,5,2026-06-08
1603,271,399,2,2026-12-10
1604,194,403,2,2026-03-29
1605,489,77,3,2026-10-08
1606,128,35,4,2026-06-14
1607,272,462,4,2026-02-27
1608,166,165,2,2026-01-18
1609,231,326,2,2026-02-02
1610,202,229,2,2026-10-31
1611,342,48,4,2026-01-08
1612,345,89,1,2026-10-23
1613,221,52,5,2026-04-02
1614,137,457,4,2026-10-18
1615,479,189,2,2026-09-17
1616,225,408,3,2026-04-26
1617,418,226,1,2026-04-25
1618,201,490,2,2026-08-16
1619,249,399,4,2026-09-02
1620,360,14,3,2026-07-21
1621,233,454,1,2026-11-28
1622,183,189,3,2026-02-21
1623,115,477,4,2026-08-28
1624,6,396,2,2026-08-17
1625,173,315,2,2026-01-10
1626,247,261,2,2026-11-17
1627,70,282,1,2026-12-22
1628,215,10,1,2026-10-12
1629,390,197,2,2026-06-22
1630,219,425,1,2026-12-22
1631,47,96,5,2026-07-14
1632,123,393,4,2026-04-10
1633,7,157,1,2026-05-27
1634,207,376,4,2026-06-01
1635,22,118,2,2026-05-01
1636,389,449,2,2026-07-13
1637,409,448,3,2026-12-30
1638,412,310,5,2026-03-26
1639,482,369,1,2026-12-07
1640,64,389,3,2026-06-06
1641,264,471,4,2026-09-25
1642,134,142,4,2026-08-04
1643,456,240,3,2026-02-03
1644,225,262,1,2026-02-08
1645,160,335,1,2026-09-05
1646,191,17,3,2026-11-25
1647,241,245,2,2026-03-19
1648,78,62,4,2026-06-16
1649,101,61,5,2026-10-23
1650,354,108,3,2026-06-30
1651,135,436,4,2026-11-11
1652,368,319,1,2026-06-06
1653,209,167,2,2026-04-20
1654,296,376,2,2026-11-15
1655,248,480,2,2026-01-10
1656,23,208,3,2026-10-01
1657,274,286,4,2026-01-28
1658,442,342,2,2026-09-10
1659,154,135,5,2026-02-07
1660,9,331,4,2026-11-06
1661,17,492,5,2026-02-22
1662,57,267,1,2026-12-04
1663,170,96,3,2026-03-07
1664,284,21,3,2026-06-23
1665,319,355,1,2026-03-13
1666,44,190,3,2026-07-21
1667,415,3,5,2026-04-02
1668,397,440,5,2026-12-01
1669,304,63,3,2026-10-10
1670,230,233,1,2026-07-24
1671,127,130,5,2026-09-24
1672,278,251,3,2026-01-12
1673,189,393,3,2026-08-24
1674,482,200,4,2026-04-03
1675,318,239,1,2026-04-02
1676,125,101,3,2026-01-04
1677,235,408,4,2026-07-08
1678,475,27,4,2026-05-14
1679,295,56,1,2026-11-11
1680,153,381,4,2026-04-13
1681,180,274,3,2026-12-12
1682,331,462,4,2026-09-27
1683,198,44,2,2026-08-19
1684,4,121,4,2026-03-31
1685,195,105,1,2026-08-04
1686,81,232,4,2026-05-10
1687,24,130,5,2026-06-27
1688,169,193,4,2026-05-20
1689,423,115,1,2026-02-03
1690,366,177,1,2026-01-07
1691,319,48,1,2026-01-12
1692,284,388,2,2026-06-22
1693,200,211,1,2026-08-17
1694,455,168,1,2026-08-04
1695,111,127,2,2026-02-13
1696,96,190,2,2026-01-18
1697,150,186,1,2026-09-13
1698,252,220,2,2026-08-21
1699,380,139,1,2026-07-22
1700,352,448,2,2026-02-16
1701,391,296,3,2026-12-01
1702,180,284,1,2026-09-28
1703,490,36,1,2026-08-12
1704,150,144,1,2026-10-07
1705,304,63,3,2026-06-16
1706,217,34,2,2026-10-14
1707,395,38,1,2026-11-10
1708,165,176,1,2026-08-19
1709,194,345,1,2026-04-20
1710,373,24,2,2026-02-21
1711,320,165,2,2026-07-04
1712,233,218,3,2026-10-05
1713,345,294,1,2026-11-12
1714,459,34,4,2026-05-13
1715,189,387,4,2026-12-04
1716,113,472,3,2026-03-16
1717,385,111,3,2026-09-10
1718,273,98,2,2026-07-02
1719,375,338,4,2026-02-19
1720,370,67,5,2026-07-28
1721,14,370,3,2026-05-19
1722,467,146,4,2026-09-18
1723,254,98,1,2026-05-14
1724,108,293,2,2026-10-27
1725,207,86,4,2026-01-25
1726,115,309,5,2026-12-27
1727,278,179,2,2026-11-03
1728,228,431,2,2026-06-30
1729,273,296,1,2026-04-22
1730,301,67,5,2026-01-17
1731,365,498,5,2026-01-03
1732,191,352,5,2026-12-29
1733,428,202,1,2026-07-08
1734,120,82,2,2026-04-13
1735,187,310,2,2026-02-05
1736,49,33,4,2026-01-29
1737,345,209,2,2026-05-04
1738,298,145,3,2026-06-08
1739,163,132,1,2026-04-05
1740,430,305,5,2026-10-20
1741,221,304,4,2026-03-18
1742,479,407,5,2026-01-25
1743,464,274,3,2026-11-16
1744,469,440,5,2026-12-03
1745,107,135,5,2026-03-19
1746,329,462,3,2026-02-14
1747,91,47,4,2026-12-23
1748,102,52,2,2026-09-12
1749,391,68,1,2026-09-15
1750,15,330,3,2026-10-21
1751,303,206,3,2026-12-03
1752,381,159,2,2026-07-30
1753,300,127,1,2026-09-19
1754,279,270,3,2026-05-14
1755,70,488,3,2026-12-13
1756,440,105,3,2026-04-27
1757,486,216,5,2026-09-19
1758,17,9,4,2026-05-08
1759,240,141,1,2026-08-05
1760,152,353,4,2026-02-18
1761,270,212,3,2026-01-29
1762,353,489,5,2026-10-17
1763,177,476,2,2026-03-18
1764,27,134,1,2026-01-03
1765,359,83,3,2026-11-03
1766,405,383,3,2026-10-23
1767,71,475,5,2026-03-26
1768,113,122,5,2026-02-24
1769,67,211,3,2026-01-10
1770,82,424,4,2026-08-11
1771,88,201,2,2026-02-28
1772,81,347,1,2026-04-29
1773,123,402,3,2026-08-01
1774,32,258,4,2026-11-10
1775,213,232,5,2026-02-18
1776,492,344,4,2026-02-04
1777,207,120,2,2026-04-13
1778,451,329,3,2026-10-12
1779,140,275,1,2026-05-20
1780,144,481,3,2026-09-02
1781,188,417,3,2026-02-12
1782,493,152,4,2026-06-26
1783,413,362,3,2026-06-05
1784,477,29,1,2026-04-02
1785,83,278,1,2026-06-04
1786,404,75,5,2026-06-04
1787,287,274,4,2026-01-28
1788,188,101,1,2026-12-18
1789,431,115,5,2026-03-21
1790,140,495,1,2026-07-03
1791,222,236,4,2026-12-31
1792,271,471,1,2026-08-23
1793,189,270,2,2026-11-26
1794,406,110,3,2026-06-01
1795,436,223,1,2026-02-13
1796,331,428,4,2026-09-12
1797,247,166,5,2026-10-21
1798,477,111,3,2026-06-12
1799,476,33,1,2026-03-15
1800,339,198,2,2026-12-14
1801,42,69,3,2026-10-05
1802,179,300,1,2026-10-10
1803,345,381,1,2026-10-18
1804,121,310,3,2026-07-04
1805,280,407,1,2026-07-19
1806,289,19,5,2026-11-02
1807,355,218,5,2026-08-02
1808,175,130,3,2026-03-20
1809,215,184,3,2026-03-24
1810,369,467,5,2026-07-04
1811,133,87,3,2026-01-15
1812,226,90,3,2026-07-30
1813,102,172,3,2026-08-03
1814,8,255,5,2026-01-30
1815,192,465,5,2026-10-22
1816,279,173,1,2026-02-20
1817,106,45,4,2026-07-19
1818,191,467,3,2026-02-28
1819,310,164,2,2026-11-01
1820,86,125,4,2026-01-24
1821,306,388,1,2026-03-22
1822,172,275,1,2026-11-08
1823,121,489,4,2026-12-28
1824,428,310,2,2026-11-12
1825,486,420,5,2026-05-06
1826,75,84,2,2026-07-04
1827,54,34,2,2026-08-28
1828,29,251,4,2026-02-15
1829,42,426,3,2026-08-25
1830,27,471,1,2026-01-25
1831,422,454,3,2026-06-29
1832,433,176,5,2026-07-13
1833,33,113,4,2026-06-19
1834,279,442,3,2026-07-29
1835,162,123,5,2026-11-12
1836,453,70,3,2026-06-11
1837,75,172,4,2026-02-28
1838,177,112,3,2026-06-20
1839,368,452,2,2026-04-26
1840,419,282,4,2026-06-19
1841,125,286,4,2026-02-24
1842,265,96,4,2026-09-10
1843,475,448,5,2026-03-29
1844,304,468,5,2026-01-09
1845,168,252,1,2026-07-26
1846,453,401,4,2026-02-24
1847,67,433,3,2026-05-30
1848,335,52,4,2026-04-29
1849,154,43,3,2026-10-23
1850,143,150,2,2026-04-13
1851,226,349,5,2026-02-05
1852,411,390,2,2026-01-29
1853,467,397,5,2026-09-27
1854,123,262,5,2026-03-31
1855,275,277,5,2026-11-23
1856,343,43,3,2026-02-20
1857,280,453,5,2026-06-04
1858,451,209,1,2026-08-12
1859,142,328,5,2026-07-26
1860,159,98,2,2026-05-06
1861,250,399,4,2026-06-22
1862,480,111,4,2026-02-22
1863,359,330,3,2026-04-11
1864,136,70,4,2026-05-17
1865,362,425,2,2026-12-19
1866,468,162,1,2026-01-05
1867,145,240,5,2026-02-16
1868,224,155,5,2026-04-03
1869,249,259,1,2026-09-18
1870,28,180,1,2026-09-11
1871,164,11,1,2026-11-27
1872,266,194,1,2026-11-16
1873,419,19,2,2026-11-24
1874,283,359,4,2026-11-07
1875,404,66,3,2026-09-06
1876,60,98,5,2026-04-06
1877,283,249,4,2026-05-07
1878,176,344,5,2026-07-21
1879,374,233,1,2026-04-16
1880,174,313,4,2026-04-01
1881,133,65,3,2026-02-18
1882,184,179,3,2026-11-15
1883,105,489,1,2026-11-13
1884,159,468,3,2026-07-29
1885,277,340,5,2026-05-18
1886,405,108,1,2026-03-04
1887,409,458,3,2026-08-22
1888,469,161,5,2026-04-08
1889,77,494,2,2026-10-12
1890,284,229,4,2026-01-02
1891,165,92,1,2026-08-05
1892,183,277,2,2026-02-28
1893,479,158,1,2026-08-30
1894,214,348,2,2026-05-21
1895,130,475,3,2026-02-09
1896,210,35,4,2026-11-06
1897,282,366,1,2026-06-06
1898,277,263,1,2026-03-31
1899,377,225,2,2026-11-26
1900,175,142,2,2026-09-17
1901,187,438,4,2026-02-18
1902,472,124,2,2026-04-17
1903,167,288,1,2026-03-12
1904,176,8,2,2026-02-03
1905,110,50,1,2026-11-05
1906,37,260,2,2026-01-01
1907,406,379,1,2026-07-29
1908,149,319,3,2026-03-26
1909,220,117,1,2026-04-01
1910,191,290,4,2026-09-06
1911,197,438,3,2026-04-12
1912,307,261,3,2026-06-21
1913,435,47,5,2026-09-12
1914,426,91,4,2026-10-27
1915,43,191,5,2026-07-30
1916,287,466,2,2026-04-04
1917,426,433,4,2026-10-03
1918,472,428,3,2026-06-16
1919,146,148,4,2026-04-30
1920,500,342,1,2026-05-25
1921,420,265,4,2026-07-04
1922,421,198,3,2026-02-11
1923,400,341,5,2026-01-03
1924,80,304,5,2026-02-10
1925,294,307,2,2026-05-02
1926,1,219,2,2026-12-19
1927,404,361,5,2026-09-21
1928,262,88,4,2026-06-28
1929,148,176,3,2026-01-28
1930,29,202,4,2026-02-20
1931,187,75,2,2026-03-24
1932,280,294,5,2026-03-25
1933,24,419,3,2026-05-14
1934,433,209,4,2026-02-25
1935,366,248,5,2026-10-23
1936,93,481,5,2026-08-25
1937,80,29,4,2026-01-16
1938,238,251,2,2026-01-09
1939,206,57,4,2026-08-07
1940,229,51,3,2026-11-05
1941,321,174,2,2026-07-22
1942,130,66,3,2026-03-02
1943,175,411,2,2026-08-20
1944,197,438,4,2026-08-12
1945,389,467,2,2026-03-26
1946,352,186,4,2026-11-25
1947,239,150,1,2026-10-23
1948,346,294,2,2026-01-17
1949,85,125,4,2026-05-18
1950,304,246,2,2026-01-16
1951,237,123,2,2026-01-26
1952,146,186,4,2026-05-28
1953,72,491,5,2026-03-15
1954,403,24,1,2026-10-18
1955,337,488,4,2026-07-09
1956,115,50,5,2026-06-03
1957,87,191,4,2026-08-16
1958,277,300,1,2026-06-29
1959,429,342,1,2026-07-29
1960,360,127,1,2026-07-23
1961,21,113,1,2026-08-07
1962,450,163,2,2026-06-11
1963,463,334,1,2026-01-20
1964,76,289,1,2026-07-30
1965,399,68,3,2026-01-16
1966,309,82,4,2026-01-30
1967,40,141,3,2026-10-25
1968,470,43,3,2026-12-14
1969,466,98,2,2026-12-22
1970,338,303,1,2026-11-10
1971,415,206,2,2026-04-27
1972,171,411,4,2026-02-12
1973,305,47,5,2026-10-03
1974,366,79,5,2026-07-11
1975,300,241,1,2026-08-27
1976,306,352,3,2026-02-24
1977,452,111,5,2026-12-04
1978,381,79,2,2026-02-18
1979,255,346,1,2026-11-11
1980,199,398,5,2026-10-18
1981,500,231,4,2026-10-11
1982,437,114,1,2026-12-15
1983,96,180,3,2026-05-21
1984,173,274,3,2026-10-27
1985,195,26,3,2026-06-14
1986,213,70,3,2026-06-27
1987,75,153,2,2026-09-28
1988,62,281,5,2026-01-28
1989,27,498,3,2026-08-15
1990,93,187,5,2026-11-21
1991,283,111,2,2026-05-08
1992,366,255,4,2026-07-20
1993,374,29,1,2026-10-23
1994,430,375,2,2026-06-29
1995,270,106,4,2026-11-02
1996,473,251,1,2026-08-29
1997,162,77,3,2026-04-20
1998,368,143,3,2026-01-27
1999,78,192,4,2026-05-15
2000,295,171,4,2026-04-14
